"offer","brand","description","activated_date","expiration_date","url"
"Buy One Get One","COVERGIRL","Buy One (1) COVERGIRL Product Get One (1) FREE (up to $9.99) (excludes Cheekers, 1-kit shadows, accessories and travel/trial)","2018-03-06T00:01:00-0800","2018-03-26T23:59:00-0700","https://www.coupons.com/coupons/?pid=19251&nid=10&zid=vz89"
"SAVE $1.00","Irish Spring®","On any ONE Irish Spring® Body Wash (excludes Trial or Travel size)","2018-03-09T00:01:00-0800","2018-04-16T23:59:00-0700","https://www.coupons.com/coupons/?pid=19251&nid=10&zid=vz89"
"$2.00 OFF","Garnier®","on ANY ONE (1) Garnier® Shampoo, Conditioner or Treatment (excluding 2 oz, 2.9 oz,3 oz, travel size and Wonder Mask)","2018-03-04T00:01:00-0800","2018-04-07T23:59:00-0700","https://www.coupons.com/coupons/?pid=19251&nid=10&zid=vz89"
"Save $0.75","SCOTT®","on ONE (1) package of SCOTT® Bath Tissue 6 rolls or larger","2018-03-01T00:01:00-0800","2018-04-07T23:59:00-0700","https://www.coupons.com/coupons/?pid=19251&nid=10&zid=vz89"
"GET $2.00 OFF","HUGGIES®","any ONE (1) package of HUGGIES® Diapers (Not valid on 9 ct. or less)","2018-03-01T00:01:00-0800","2018-04-14T23:59:00-0700","https://www.coupons.com/coupons/?pid=19251&nid=10&zid=vz89"
"GET $0.50 OFF","HUGGIES®","any ONE (1) package of HUGGIES® Wipes (48 ct. or higher)","2018-03-01T00:01:00-0800","2018-04-14T23:59:00-0700","https://www.coupons.com/coupons/?pid=19251&nid=10&zid=vz89"
"$0.50 OFF","Lysol®","any ONE (1) Lysol® Toilet Bowl Cleaner","2018-03-04T00:01:00-0800","2018-04-14T23:59:00-0700","https://www.coupons.com/coupons/?pid=19251&nid=10&zid=vz89"
"Save $0.75","COTTONELLE®","on any ONE (1) COTTONELLE® Toilet Paper (6-pack or larger)","2018-03-01T00:01:00-0800","2018-04-07T23:59:00-0700","https://www.coupons.com/coupons/?pid=19251&nid=10&zid=vz89"
"$1.00 OFF","Cooked Perfect®","on any ONE (1) bag of Cooked Perfect® Meatballs","2018-03-09T00:01:00-0800","2018-06-30T23:59:00-0700","https://www.coupons.com/coupons/?pid=19251&nid=10&zid=vz89"
"$0.50 OFF","Lysol®","any ONE (1) Lysol® Disinfecting Wipes (35 ct or larger)","2018-03-04T00:01:00-0800","2018-04-14T23:59:00-0700","https://www.coupons.com/coupons/?pid=19251&nid=10&zid=vz89"
"Save $1.00","Glad® Trash","on any ONE (1) Glad® ForceFlex® Plus™ Advanced Protection or ForceFlex® Plus™ 13-gallon trash bags","2018-03-04T00:01:00-0800","2018-04-30T23:59:00-0700","https://www.coupons.com/coupons/?pid=19251&nid=10&zid=vz89"
"Save $0.75","SCOTT®","on any ONE (1) SCOTT® Towels (6 count or larger)","2018-03-01T00:01:00-0800","2018-04-07T23:59:00-0700","https://www.coupons.com/coupons/?pid=19251&nid=10&zid=vz89"
"Save $0.75","Viva® Paper Towel","on any ONE (1) Viva® Paper Towel or Viva® Vantage® Paper Towel 6-pack or larger","2018-03-01T00:01:00-0800","2018-04-07T23:59:00-0700","https://www.coupons.com/coupons/?pid=19251&nid=10&zid=vz89"
"$2.00 OFF","Maybelline® New York","on ANY ONE (1) Maybelline New York® Lip product (Excluding Baby Lips)","2018-03-04T00:01:00-0800","2018-04-18T23:59:00-0700","https://www.coupons.com/coupons/?pid=19251&nid=10&zid=vz89"
"SAVE $1.00","Snuggle®","on ONE (1) Snuggle® Product (excludes trial and travel sizes)","2018-02-15T00:01:00-0800","2018-03-15T23:59:00-0700","https://www.coupons.com/coupons/?pid=19251&nid=10&zid=vz89"
"SAVE $0.65","Silk®","on ONE (1) Silk® Soymilk Half Gallon or larger","2018-03-06T00:01:00-0800","2018-04-30T23:59:00-0700","https://www.coupons.com/coupons/?pid=19251&nid=10&zid=vz89"
"Save $1.50","Campbell’s® Chunky Maxx™ soup","on any ONE (1) Campbell’s® Chunky Maxx™ soup","2018-03-05T00:01:00-0800","2018-04-19T23:59:00-0700","https://www.coupons.com/coupons/?pid=19251&nid=10&zid=vz89"
"SAVE 30¢ ON ONE","Oui™ by Yoplait®","when you buy ONE CUP any variety Oui™ by Yoplait®","2018-03-01T00:01:00-0800","2018-04-30T23:59:00-0700","https://www.coupons.com/coupons/?pid=19251&nid=10&zid=vz89"
"$1.50 OFF","PAMPERS®","ONE Pampers® Swaddlers Diapers (excludes trial/travel size)","2018-03-07T00:01:00-0800","2018-07-31T23:59:00-0700","https://www.coupons.com/coupons/?pid=19251&nid=10&zid=vz89"
"$1.50 OFF","PAMPERS®","ONE Pampers® Cruisers Diapers (excludes trial/travel size)","2018-03-07T00:01:00-0800","2018-07-31T23:59:00-0700","https://www.coupons.com/coupons/?pid=19251&nid=10&zid=vz89"
"$1.50 OFF","PAMPERS®","ONE Pampers® Baby Dry Diapers (excludes trial/travel size)","2018-03-07T00:01:00-0800","2018-07-31T23:59:00-0700","https://www.coupons.com/coupons/?pid=19251&nid=10&zid=vz89"
"SAVE $1.50","SCJohnson","on any TWO (2) Windex® Products or Scrubbing Bubbles® Bathroom Cleaning Products (excludes travel and trial sizes)","2018-02-25T00:01:00-0800","2018-04-25T23:59:00-0700","https://www.coupons.com/coupons/?pid=19251&nid=10&zid=vz89"
"$1.00 OFF","Maybelline® New York","on ANY ONE (1) Maybelline New York® Eye product","2018-03-04T00:01:00-0800","2018-04-18T23:59:00-0700","https://www.coupons.com/coupons/?pid=19251&nid=10&zid=vz89"
"Save $0.75","COTTONELLE®","on any ONE (1) COTTONELLE® Flushable Wipes (42 ct or higher)","2018-03-01T00:01:00-0800","2018-04-07T23:59:00-0700","https://www.coupons.com/coupons/?pid=19251&nid=10&zid=vz89"
"$0.50 OFF","Frigo® Cheese Heads®","on ONE (1) Frigo® Cheese Heads® 8ct or larger Snack Cheese Product","2018-03-05T00:01:00-0800","2018-04-30T23:59:00-0700","https://www.coupons.com/coupons/?pid=19251&nid=10&zid=vz89"
"GET $2.00 OFF","PULL-UPS®","any ONE (1) PULL-UPS® Training Pants or GOODNITES® Nighttime Pants or Bed Mats (Not valid on 7 ct. or less)","2018-03-01T00:01:00-0800","2018-04-14T23:59:00-0700","https://www.coupons.com/coupons/?pid=19251&nid=10&zid=vz89"
"$2.00 OFF","Garnier®","on ANY ONE (1) Garnier® Skin Active™ product (excluding trial, travel sizes and masks)","2018-03-04T00:01:00-0800","2018-04-18T23:59:00-0700","https://www.coupons.com/coupons/?pid=19251&nid=10&zid=vz89"
"SAVE $1.00","Newman's Own®","on any ONE (1) Newman's Own® Thin & Crispy Pizza","2018-01-16T00:01:00-0800","2018-07-30T23:59:00-0700","https://www.coupons.com/coupons/?pid=19251&nid=10&zid=vz89"
"Save $1.00","Giovanni Rana™ Refrigerated Pasta","on ONE (1) Giovanni Rana Refrigerated Pasta Item","2018-02-26T00:01:00-0800","2018-04-30T23:59:00-0700","https://www.coupons.com/coupons/?pid=19251&nid=10&zid=vz89"
"Save $2.00","AVEENO®","off any (1) AVEENO® Baby Product (excludes 1oz)","2018-02-25T00:01:00-0800","2018-04-07T23:59:00-0700","https://www.coupons.com/coupons/?pid=19251&nid=10&zid=vz89"
"$0.50 OFF","Lysol®","any ONE (1) Lysol® Disinfectant Spray or Lysol Disinfectant Max Cover Mist (12.5 oz or larger)","2018-03-04T00:01:00-0800","2018-04-14T23:59:00-0700","https://www.coupons.com/coupons/?pid=19251&nid=10&zid=vz89"
"$2.00 OFF","L'Oreal Paris","on ANY ONE (1) L'Oreal Paris Lip product","2018-03-04T00:01:00-0800","2018-04-28T23:59:00-0700","https://www.coupons.com/coupons/?pid=19251&nid=10&zid=vz89"
"$1.50 OFF","L'Oreal Paris","on ANY ONE (1) L'Oreal Paris Eye product","2018-03-04T00:01:00-0800","2018-04-03T23:59:00-0700","https://www.coupons.com/coupons/?pid=19251&nid=10&zid=vz89"
"$3.00 off","Blue Rhino®","any ONE (1) Blue Rhino® Ready-to-Grill Propane Tank (with or without exchanging an empty tank)","2018-03-08T00:01:00-0800","2018-03-31T23:59:00-0700","https://www.coupons.com/coupons/?pid=19251&nid=10&zid=vz89"
"SAVE 75¢","Pledge®","on any ONE (1) Pledge® Furniture Care Product","2018-02-25T00:01:00-0800","2018-04-25T23:59:00-0700","https://www.coupons.com/coupons/?pid=19251&nid=10&zid=vz89"
"SAVE $1.00","SKIPPY® Brand","on the purchase of any one (1) SKIPPY® P.B. Bites products","2018-03-01T00:01:00-0800","2018-04-30T23:59:00-0700","https://www.coupons.com/coupons/?pid=19251&nid=10&zid=vz89"
"Save $1.00","Edge® Shave Gel or Cream","on any ONE (1) Edge® Shave Gel or Cream (excludes 2 oz. & 2.75 oz.)","2018-03-04T00:01:00-0800","2018-03-31T23:59:00-0700","https://www.coupons.com/coupons/?pid=19251&nid=10&zid=vz89"
"SAVE $0.55","HORMEL® Chili","on the purchase of any two (2) HORMEL® Chili product","2018-03-01T00:01:00-0800","2018-04-30T23:59:00-0700","https://www.coupons.com/coupons/?pid=19251&nid=10&zid=vz89"
"$1.00 OFF","Maybelline® New York","on ANY ONE (1) Maybelline New York® Face product","2018-03-04T00:01:00-0800","2018-04-18T23:59:00-0700","https://www.coupons.com/coupons/?pid=19251&nid=10&zid=vz89"
"Save $5.00","Schick® Disposable Razors","on any TWO (2) Schick® Disposable Razor Packs (excludes 1 ct., Slim Twin® 2 ct. and 6 ct.)","2018-03-11T00:01:00-0800","2018-04-12T23:59:00-0700","https://www.coupons.com/coupons/?pid=19251&nid=10&zid=vz89"
"$2.00 OFF","Clairol®","ONE (1) box of Clairol® Temporary Root Touch Up Hair Color (excludes trial/travel size)","2018-03-11T00:01:00-0800","2018-04-07T23:59:00-0700","https://www.coupons.com/coupons/?pid=19251&nid=10&zid=vz89"
"Save $1.00","Gaviscon®","on any ONE (1) 12 oz or 100 count Gaviscon® Product","2018-03-11T00:01:00-0800","2018-04-25T23:59:00-0700","https://www.coupons.com/coupons/?pid=19251&nid=10&zid=vz89"
"Save $3.00","Schick® Disposable Razor","on any ONE (1) Schick® Disposable Razor Pack (excludes 1 ct., Slim Twin® 2 ct. and 6 ct.)","2018-03-11T00:01:00-0800","2018-04-12T23:59:00-0700","https://www.coupons.com/coupons/?pid=19251&nid=10&zid=vz89"
"SAVE $2.00","GLISS®","on ONE (1) GLISS® Hair Product (excludes trial and travel sizes)","2018-03-11T00:01:00-0800","2018-03-18T23:59:00-0700","https://www.coupons.com/coupons/?pid=19251&nid=10&zid=vz89"
"SAVE $2.00","Benefiber®","on any ONE (1) Benefiber® product","2018-03-11T00:01:00-0800","2018-04-15T23:59:00-0700","https://www.coupons.com/coupons/?pid=19251&nid=10&zid=vz89"
"Save $2.00","Eucerin®","On any* ONE (1) Eucerin® Body Product (8 oz. or larger) or Eucerin® Baby Product *excludes trial sizes","2018-03-11T00:01:00-0800","2018-04-01T23:59:00-0700","https://www.coupons.com/coupons/?pid=19251&nid=10&zid=vz89"
"SAVE $2.00","NIVEA® In-Shower Body Lotion","On any ONE (1) NIVEA® In-Shower Lotion Product","2018-03-11T00:01:00-0800","2018-03-24T23:59:00-0700","https://www.coupons.com/coupons/?pid=19251&nid=10&zid=vz89"
"SAVE $1.00","Love Beauty and Planet","on ONE (1) Love Beauty and Planet Hair Care or Skin Cleansing product (excluding trial & travel sizes)","2018-03-11T00:01:00-0800","2018-03-24T23:59:00-0700","https://www.coupons.com/coupons/?pid=19251&nid=10&zid=vz89"
"SAVE $1.00","DIAL®","on TWO (2) DIAL® Foaming Hand Wash, Liquid Soap Refills, and/or Bar Soap (3-bar or Larger) excludes trial and travel sizes","2018-03-11T00:01:00-0800","2018-03-18T23:59:00-0700","https://www.coupons.com/coupons/?pid=19251&nid=10&zid=vz89"
"SAVE $0.50","Purex®","on any ONE (1) Purex® Liquid Laundry Detergent (any size)","2018-03-11T00:01:00-0800","2018-04-18T23:59:00-0700","https://www.coupons.com/coupons/?pid=19251&nid=10&zid=vz89"
"$1.50 OFF","AIR WICK® FRESHMATIC® ULTRA REFILL","any ONE (1) Air Wick® Freshmatic® Ultra Refill","2018-03-11T00:01:00-0800","2018-04-14T23:59:00-0700","https://www.coupons.com/coupons/?pid=19251&nid=10&zid=vz89"
"$1.00 OFF","AIR WICK® SCENTED OIL REFILL","any ONE (1) Air Wick® Scented Oil Refill","2018-03-11T00:01:00-0800","2018-04-14T23:59:00-0700","https://www.coupons.com/coupons/?pid=19251&nid=10&zid=vz89"
"SAVE $2.00","Persil®","on ONE (1) Persil® ProClean® Power-Liquid® or Power-Caps® Laundry Detergent (excludes 6 loads or less trial/travel sizes)","2018-03-11T00:01:00-0800","2018-04-18T23:59:00-0700","https://www.coupons.com/coupons/?pid=19251&nid=10&zid=vz89"
"SAVE $2.00","Purex® Crystals™","on TWO (2) Purex® Crystals™ In-Wash Fragrance Boosters","2018-03-11T00:01:00-0800","2018-04-01T23:59:00-0700","https://www.coupons.com/coupons/?pid=19251&nid=10&zid=vz89"
"$2.00 OFF","Clairol®","ONE (1) box of Clairol® Color Crave or Specialty Blonding Collection (excludes trial/travel size)","2018-03-11T00:01:00-0800","2018-04-07T23:59:00-0700","https://www.coupons.com/coupons/?pid=19251&nid=10&zid=vz89"
"Save $1.00","all®","on ONE (1) all® Laundry Product (excludes trial and travel Sizes)","2018-03-11T00:01:00-0800","2018-04-18T23:59:00-0700","https://www.coupons.com/coupons/?pid=19251&nid=10&zid=vz89"
"SAVE $1.00","Kellogg's® Cereals","on any TWO Kellogg's Raisin Bran™ and/or Kellogg's® Raisin Bran Crunch® cereals","2018-03-11T00:01:00-0800","2018-04-16T23:59:00-0700","https://www.coupons.com/coupons/?pid=19251&nid=10&zid=vz89"
"$1.50 OFF","AIR WICK® PURE AIR FRESHENER","any ONE (1) Air Wick® Pure Air Freshener","2018-03-11T00:01:00-0800","2018-04-14T23:59:00-0700","https://www.coupons.com/coupons/?pid=19251&nid=10&zid=vz89"
"SAVE $1.00","DIAL® or TONE®","on ONE (1) DIAL® or TONE® Body Wash and/or Bar Soap (6-bar or Larger) excludes trial and travel sizes","2018-03-11T00:01:00-0800","2018-03-18T23:59:00-0700","https://www.coupons.com/coupons/?pid=19251&nid=10&zid=vz89"
"Save $1.00","Gas-X®","on ONE (1) Gas-X® product","2018-03-11T00:01:00-0800","2018-04-25T23:59:00-0700","https://www.coupons.com/coupons/?pid=19251&nid=10&zid=vz89"
"SAVE $1.00","Speed Stick®","On any VALUE TWIN PACKS ONLY Speed Stick® or Lady Speed Stick® Antiperspirant/Deodorant","2018-03-11T00:01:00-0800","2018-04-23T23:59:00-0700","https://www.coupons.com/coupons/?pid=19251&nid=10&zid=vz89"
"Save $1.00","UNCLE BEN'S®","on any TWO (2) UNCLE BEN’S® Flavored Grains Rice Products","2018-03-11T00:01:00-0800","2018-05-02T23:59:00-0700","https://www.coupons.com/coupons/?pid=19251&nid=10&zid=vz89"
"SAVE $0.75","TUMS®","on any ONE (1) TUMS® 28 count or larger","2018-03-11T00:01:00-0800","2018-04-25T23:59:00-0700","https://www.coupons.com/coupons/?pid=19251&nid=10&zid=vz89"
"SAVE $1.00","SENSODYNE PRONAMEL","on any ONE (1) SENSODYNE or PRONAMEL Product (excludes 0.8 sizes)","2018-03-11T00:01:00-0800","2018-04-21T23:59:00-0700","https://www.coupons.com/coupons/?pid=19251&nid=10&zid=vz89"
"SAVE $1.50","Citrucel®","on any ONE (1) Citrucel® product","2018-03-11T00:01:00-0800","2018-04-15T23:59:00-0700","https://www.coupons.com/coupons/?pid=19251&nid=10&zid=vz89"
"SAVE $3.00","Prevacid® 24HR","on any ONE (1) Prevacid® 24HR","2018-03-11T00:01:00-0800","2018-04-08T23:59:00-0700","https://www.coupons.com/coupons/?pid=19251&nid=10&zid=vz89"
"BUY 2 GET 1 FREE","Right Guard®","on RIGHT GUARD® XTREME™ & Best Dressed Collection™ Antiperspirants or Deodorants (excludes trial/travel sizes) Max Value: $4.99","2018-03-11T00:01:00-0800","2018-03-18T23:59:00-0700","https://www.coupons.com/coupons/?pid=19251&nid=10&zid=vz89"
"$2.50 OFF","Foster Farms®","any TWO (2) Corn Dogs 29.3 oz. or larger, Frozen Cooked Chicken 18.0 oz. or larger, Fresh & Natural Ground Turkey or Lunch Meat","2018-03-11T00:01:00-0800","2018-05-02T23:59:00-0700","https://www.coupons.com/coupons/?pid=19251&nid=10&zid=vz89"
"Save $1.00","José Olé®","on ONE (1) José Olé® Taquitos or Snacks (16 oz. or larger)","2018-03-09T00:01:00-0800","2018-05-15T23:59:00-0700","https://www.coupons.com/coupons/?pid=19251&nid=10&zid=vz89"
"SAVE $1.50","Silk®","on TWO (2) Silk® Soymilk Half Gallon or larger","2018-03-07T00:01:00-0800","2018-04-30T23:59:00-0700","https://www.coupons.com/coupons/?pid=19251&nid=10&zid=vz89"
"Save $1.00","Fancy Feast®","on twelve (12) 3oz cans of Purina® Fancy Feast® brand wet cat food, any variety","2018-03-04T00:01:00-0800","2018-05-03T23:59:00-0700","https://www.coupons.com/coupons/?pid=19251&nid=10&zid=vz89"
"SAVE $1.00","JUST CRACK AN EGG","on any two (2) JUST CRACK AN EGG products","2018-03-07T00:01:00-0800","2018-05-15T23:59:00-0700","https://www.coupons.com/coupons/?pid=19251&nid=10&zid=vz89"
"$1.00 OFF","L'Oreal Paris","on ANY (1) L'Oreal Paris Elvive or Hair Expert or Advanced Hairstyle hair care product (excludes 1oz, 3oz shampoo & conditioner)","2018-03-04T00:01:00-0800","2018-05-04T23:59:00-0700","https://www.coupons.com/coupons/?pid=19251&nid=10&zid=vz89"
"Save $2.00","BOOST®","on any ONE (1) multipack or canister of BOOST® Nutritional Drink or Drink Mix","2018-03-01T00:01:00-0800","2018-05-01T23:59:00-0700","https://www.coupons.com/coupons/?pid=19251&nid=10&zid=vz89"
"SAVE $0.50","HORMEL™ NATURAL CHOICE™ Snacking","on the purchase of any one (1) HORMEL™ NATURAL CHOICE™ snack product","2018-03-01T00:01:00-0800","2018-05-31T23:59:00-0700","https://www.coupons.com/coupons/?pid=19251&nid=10&zid=vz89"
"Save $0.75","Tai Pei®","on ONE (1) Tai Pei® Entrée (7.9 oz. or larger) or Appetizer","2018-02-28T00:01:00-0800","2018-04-30T23:59:00-0700","https://www.coupons.com/coupons/?pid=19251&nid=10&zid=vz89"
"25¢ OFF","BOUNTY®","ONE Bounty® Paper Towels (excludes Bounty® Basic and trial/travel size)","2018-03-04T00:01:00-0800","2018-04-30T23:59:00-0700","https://www.coupons.com/coupons/?pid=19251&nid=10&zid=vz89"
"SAVE $1.00","HORMEL® Brand","on the purchase of any two (2) HORMEL® MARY KITCHEN® Hash products","2018-03-01T00:01:00-0800","2018-04-30T23:59:00-0700","https://www.coupons.com/coupons/?pid=19251&nid=10&zid=vz89"
"Save $0.75","Pine-Sol®","on any ONE (1) Pine-Sol® multi-purpose cleaner, 40oz or larger (Available at Walmart)","2018-02-16T00:01:00-0800","2018-04-17T23:59:00-0700","https://www.coupons.com/coupons/?pid=19251&nid=10&zid=vz89"
"$2.00 OFF","L'Oreal Paris","on ANY ONE (1) L'Oreal Paris Cosmetic Face product (excluding Magic Perfecting Base 0.17 FL oz. mini size)","2018-03-04T00:01:00-0800","2018-04-03T23:59:00-0700","https://www.coupons.com/coupons/?pid=19251&nid=10&zid=vz89"
"Buy ONE Get ONE","PANTENE®","Buy ONE Pantene Foam Conditioner OR Micellar Pro-V Blends Shampoo OR Conditioner, GET ONE FREE (excludes 17.9oz & trial size)","2018-03-04T00:01:00-0800","2018-03-17T23:59:00-0700","https://www.coupons.com/coupons/?pid=19251&nid=10&zid=vz89"
"$1.50 OFF","Cooked Perfect®","on any TWO (2) bags of Cooked Perfect® Meatballs","2018-03-09T00:01:00-0800","2018-06-30T23:59:00-0700","https://www.coupons.com/coupons/?pid=19251&nid=10&zid=vz89"
"Save $1.00","Cat Chow®","on one (1) 3.15lb or larger bag of Purina® Cat Chow® brand dry cat food, any variety","2018-03-04T00:01:00-0800","2018-05-18T23:59:00-0700","https://www.coupons.com/coupons/?pid=19251&nid=10&zid=vz89"
"SAVE $1.00 ON ONE","Big G Cereals","when you buy ONE BOX Cinnamon Toast Crunch™ Blasted Shreds™ OR Peanut Butter Chocolate Blasted Shreds™ cereal","2018-03-01T00:01:00-0800","2018-04-30T23:59:00-0700","https://www.coupons.com/coupons/?pid=19251&nid=10&zid=vz89"
"Save $1.00","Tidy Cats®","on one (1) package of Purina® Tidy Cats® brand Clumping Cat Litter, any size, any variety (excluding Tidy Cats® LightWeight Cat","2018-02-12T00:01:00-0800","2018-05-31T23:59:00-0700","https://www.coupons.com/coupons/?pid=19251&nid=10&zid=vz89"
"Save $1.00","Dove","on ONE (1) Dove Shower Foam","2018-02-22T00:01:00-0800","2018-04-23T23:59:00-0700","https://www.coupons.com/coupons/?pid=19251&nid=10&zid=vz89"
"$2.00 OFF","L'Oreal Paris","on ANY ONE (1) L'Oreal Paris EVER hair care shampoo, conditioner or treatment product (excludes 3 oz. size and sheet masks)","2018-03-04T00:01:00-0800","2018-04-03T23:59:00-0700","https://www.coupons.com/coupons/?pid=19251&nid=10&zid=vz89"
"Save $1.00","Pup-Peroni®","on any TWO (2) Pup-Peroni® dog snacks","2018-03-01T00:01:00-0800","2018-05-30T23:59:00-0700","https://www.coupons.com/coupons/?pid=19251&nid=10&zid=vz89"
"25¢ OFF","CHARMIN®","ONE Charmin® Ultra Soft or Strong Toilet Paper (excludes Charmin® Essentials and trial/travel size)","2018-03-04T00:01:00-0800","2018-04-30T23:59:00-0700","https://www.coupons.com/coupons/?pid=19251&nid=10&zid=vz89"
"Save $2.00","Tidy Cats®","on one (1) package of Purina® Tidy Cats® LightWeight cat litter, any size, any variety","2018-02-12T00:01:00-0800","2018-04-30T23:59:00-0700","https://www.coupons.com/coupons/?pid=19251&nid=10&zid=vz89"
"SAVE $0.50","HORMEL® NATURAL CHOICE® Bacon","on the purchase of any one (1) HORMEL® NATURAL CHOICE® bacon product","2018-03-01T00:01:00-0800","2018-05-31T23:59:00-0700","https://www.coupons.com/coupons/?pid=19251&nid=10&zid=vz89"
"SAVE 75¢","Scrubbing Bubbles®","on any TWO (2) Scrubbing Bubbles®, Pledge® or Windex® Products","2018-02-04T00:01:00-0800","2018-04-04T23:59:00-0700","https://www.coupons.com/coupons/?pid=19251&nid=10&zid=vz89"
"$2.00 OFF","L'Oreal Paris","on ANY ONE (1) L'Oreal Paris Skin Care product (excludes trial size)","2018-03-04T00:01:00-0800","2018-04-03T23:59:00-0700","https://www.coupons.com/coupons/?pid=19251&nid=10&zid=vz89"
"$2.00 OFF","L'Oreal Paris","on ANY ONE (1) L'Oreal Paris Superior Preference or Excellence hair color product","2018-03-04T00:01:00-0800","2018-05-04T23:59:00-0700","https://www.coupons.com/coupons/?pid=19251&nid=10&zid=vz89"
"$2.00 OFF","Garnier®","on ANY ONE (1) Garnier® Nutrisse Hair Color product","2018-03-04T00:01:00-0800","2018-04-18T23:59:00-0700","https://www.coupons.com/coupons/?pid=19251&nid=10&zid=vz89"
"$1.50 OFF","PAMPERS®","ONE Pampers® Easy Ups Training Pants (excludes trial/travel size)","2018-03-07T00:01:00-0800","2018-07-31T23:59:00-0700","https://www.coupons.com/coupons/?pid=19251&nid=10&zid=vz89"
"Save $1.25","Dove Men+Care","on ONE (1) Dove Men+Care Foaming Body Wash","2018-02-22T00:01:00-0800","2018-04-23T23:59:00-0700","https://www.coupons.com/coupons/?pid=19251&nid=10&zid=vz89"
"SAVE $2.00","Scrubbing Bubbles®","on any TWO (2) Scrubbing Bubbles® Fresh Gel or Fresh Brush","2018-02-25T00:01:00-0800","2018-03-17T23:59:00-0700","https://www.coupons.com/coupons/?pid=19251&nid=10&zid=vz89"
"Save $4.00","OPTI-FREE® Solution","On Any ONE (1) OPTI-FREE® Solution Twin Pack Only","2018-03-04T00:01:00-0800","2018-03-31T23:59:00-0700","https://www.coupons.com/coupons/?pid=19251&nid=10&zid=vz89"
"Save $2.00","Beyond®","on one (1) 4lb or larger bag of Purina® Beyond® Dry Dog Food, any variety","2018-03-04T00:01:00-0800","2018-05-03T23:59:00-0700","https://www.coupons.com/coupons/?pid=19251&nid=10&zid=vz89"
"Save $3.00","Schick® Hydro® or Quattro® Titanium*","on any ONE (1) Schick Hydro® or Schick® Quattro® Titanium* Razor or Refill (excludes Disposables and Women's Razor or Refill)","2018-03-04T00:01:00-0800","2018-04-07T23:59:00-0700","https://www.coupons.com/coupons/?pid=19251&nid=10&zid=vz89"
"$1.00 Off","Suave Professionals®","any ONE (1) Suave Professionals® Styling product (excludes 2 oz. trial and travel sizes and twin packs).","2018-02-27T00:01:00-0800","2018-03-11T23:59:00-0700","https://www.coupons.com/coupons/?pid=19251&nid=10&zid=vz89"
"SAVE $1.00","DINTY MOORE® Brand","on the purchase of any two (2) DINTY MOORE® products","2018-03-01T00:01:00-0800","2018-04-30T23:59:00-0700","https://www.coupons.com/coupons/?pid=19251&nid=10&zid=vz89"
"SAVE $0.50","HORMEL® NATURAL CHOICE® Deli Meat","on the purchase of any one (1) HORMEL® NATURAL CHOICE® deli meat","2018-03-01T00:01:00-0800","2018-05-31T23:59:00-0700","https://www.coupons.com/coupons/?pid=19251&nid=10&zid=vz89"
"Save $1.50","Caress","on ONE (1) Caress Botanicals Shower Foam","2018-02-22T00:01:00-0800","2018-04-23T23:59:00-0700","https://www.coupons.com/coupons/?pid=19251&nid=10&zid=vz89"
"$1.50 OFF","PAMPERS®","ONE Pampers® Splashers Swim Diapers (excludes trial/travel size)","2018-03-07T00:01:00-0800","2018-07-31T23:59:00-0700","https://www.coupons.com/coupons/?pid=19251&nid=10&zid=vz89"
"Save $1.50","VISINE®","on any ONE (1) VISINE® product 0.5 oz or larger","2018-03-04T00:01:00-0800","2018-04-15T23:59:00-0700","https://www.coupons.com/coupons/?pid=19251&nid=10&zid=vz89"
"Save $2.00","Cat Chow®","on one (1) 13lb or larger bag of Purina® Cat Chow® brand dry cat food, any variety","2018-03-04T00:01:00-0800","2018-05-18T23:59:00-0700","https://www.coupons.com/coupons/?pid=19251&nid=10&zid=vz89"
"$2.00 OFF","L'Oreal Paris","on ANY ONE (1) 11 oz. standard size L’Oréal Paris Elnett Hairspray (excludes 2.2 oz. trial size)","2018-03-04T00:01:00-0800","2018-05-04T23:59:00-0700","https://www.coupons.com/coupons/?pid=19251&nid=10&zid=vz89"
"25¢ OFF","BOUNTY®","ONE Bounty® Basic Paper Towels (excludes trial/travel size)","2018-03-04T00:01:00-0800","2018-04-30T23:59:00-0700","https://www.coupons.com/coupons/?pid=19251&nid=10&zid=vz89"
"$3.00 Off","Carol's Daughter","on any ONE (1) Carol's Daughter Hair Care or Body Care Product (excludes all 2.0 oz trial sizes)","2018-01-12T00:01:00-0800","2018-04-30T23:59:00-0700","https://www.coupons.com/coupons/?pid=19251&nid=10&zid=vz89"
"Save $2.00","Alcon® Eye Care","On Any ONE (1) OPTI-FREE® or CLEAR CARE® Solution 10oz or Larger","2018-03-04T00:01:00-0800","2018-03-31T23:59:00-0700","https://www.coupons.com/coupons/?pid=19251&nid=10&zid=vz89"
"25¢ OFF","CHARMIN®","ONE Charmin® Essentials Soft or Essentials Strong 4 ct or larger (excludes trial/travel size)","2018-03-04T00:01:00-0800","2018-04-30T23:59:00-0700","https://www.coupons.com/coupons/?pid=19251&nid=10&zid=vz89"
"Save $4.00","ZYRTEC","on any ONE (1) Adult ZYRTEC® product (24-45ct)","2018-03-04T00:01:00-0800","2018-03-31T23:59:00-0700","https://www.coupons.com/coupons/?pid=19251&nid=10&zid=vz89"
"Save $1.00","TYLENOL or MOTRIN","on any ONE (1) Children's or Infants' TYLENOL® or Children's or Infants' MOTRIN® product","2018-02-26T00:01:00-0800","2018-04-15T23:59:00-0700","https://www.coupons.com/coupons/?pid=19251&nid=10&zid=vz89"
"Save $1.00","Fresh Step®","on any one (1) Fresh Step® Cat litter, 18lb+.","2018-02-26T00:01:00-0800","2018-04-22T23:59:00-0700","https://www.coupons.com/coupons/?pid=19251&nid=10&zid=vz89"
"SAVE 50¢","Windex®","on ONE (1) Windex® Foaming Aerosol Glass Cleaner","2018-03-01T00:01:00-0800","2018-04-01T23:59:00-0700","https://www.coupons.com/coupons/?pid=19251&nid=10&zid=vz89"
"Save $4.00","Claritin-D®","on Non-Drowsy Claritin-D® Allergy Product (15ct or larger)","2018-03-02T00:01:00-0800","2018-07-30T23:59:00-0700","https://www.coupons.com/coupons/?pid=19251&nid=10&zid=vz89"
"$1.50 OFF","PAMPERS®","ONE Pampers® UnderJams Absorbent Night Wear (excludes trial/travel size)","2018-03-07T00:01:00-0800","2018-07-31T23:59:00-0700","https://www.coupons.com/coupons/?pid=19251&nid=10&zid=vz89"
"$0.75 OFF","Lime-A-Way","any ONE (1) Lime-A-Way Product","2018-02-28T00:01:00-0800","2018-04-16T23:59:00-0700","https://www.coupons.com/coupons/?pid=19251&nid=10&zid=vz89"
"Save $1.00","Gerber®","on any TWO (2) Gerber® Cereals","2018-03-01T00:01:00-0800","2018-03-31T23:59:00-0700","https://www.coupons.com/coupons/?pid=19251&nid=10&zid=vz89"
"Save $2.00","Beyond®","on one (1) 3lb or larger bag of Purina® Beyond® Dry Cat Food, any variety","2018-03-04T00:01:00-0800","2018-05-03T23:59:00-0700","https://www.coupons.com/coupons/?pid=19251&nid=10&zid=vz89"
"Save $0.50","KOTEX® Pads","on any ONE (1) package of U by KOTEX® Pads (not valid on trial size/travel packs. Excludes U by KOTEX® FITNESS*)","2018-02-25T00:01:00-0800","2018-04-14T23:59:00-0700","https://www.coupons.com/coupons/?pid=19251&nid=10&zid=vz89"
"Save $1.00","Bella®","on one (1) bag of Purina® Bella® Dry Dog Food, any size, any variety","2018-03-05T00:01:00-0800","2018-04-12T23:59:00-0700","https://www.coupons.com/coupons/?pid=19251&nid=10&zid=vz89"
"Save $6.00","Claritin®","on Non Drowsy Claritin® Allergy Product (45ct or larger)","2018-03-02T00:01:00-0800","2018-07-30T23:59:00-0700","https://www.coupons.com/coupons/?pid=19251&nid=10&zid=vz89"
"Save $1.00","Fancy Feast®","on ten (10) 3oz cans of Purina® Fancy Feast® Medley's Gourmet Cat Food, any variety","2018-03-04T00:01:00-0800","2018-05-03T23:59:00-0700","https://www.coupons.com/coupons/?pid=19251&nid=10&zid=vz89"
"Save $0.50","KOTEX® Tampons","on any ONE (1) package of U by KOTEX® Tampons (not valid on trial size/travel packs. Excludes U by KOTEX® FITNESS*)","2018-02-25T00:01:00-0800","2018-04-14T23:59:00-0700","https://www.coupons.com/coupons/?pid=19251&nid=10&zid=vz89"
"$3.00 OFF","Air Wick® Essential Mist™","on ONE (1) Air Wick® Essential Mist™ Starter Kit (Available at Walmart)","2018-02-24T00:01:00-0800","2018-05-17T23:59:00-0700","https://www.coupons.com/coupons/?pid=19251&nid=10&zid=vz89"
"SAVE $4.00","CLEAR CARE® Solution","on any ONE (1) CLEAR CARE® or CLEAR CARE® PLUS® Solution Twin Pack Only","2018-03-04T00:01:00-0800","2018-03-31T23:59:00-0700","https://www.coupons.com/coupons/?pid=19251&nid=10&zid=vz89"
"Save $0.50","KOTEX® Liners","on any ONE (1) package of U by KOTEX® Liners (not valid on Liners 14-22 ct. or trial size/travel packs. Excludes U by KOTEX®","2018-02-25T00:01:00-0800","2018-04-14T23:59:00-0700","https://www.coupons.com/coupons/?pid=19251&nid=10&zid=vz89"
"Save $3.00","Beyond®","on one (1) 13lb or larger bag of Purina® Beyond® Dry Dog Food, any variety","2018-03-04T00:01:00-0800","2018-05-03T23:59:00-0700","https://www.coupons.com/coupons/?pid=19251&nid=10&zid=vz89"
"Save $1.00","ARM & HAMMER™","on ONE (1) ARM & HAMMER™ Spinbrush™ Battery or Refill","2018-03-04T00:01:00-0800","2018-04-13T23:59:00-0700","https://www.coupons.com/coupons/?pid=19251&nid=10&zid=vz89"
"$2.00 OFF","Air Wick® Essential Mist™","on ONE (1) Air Wick® Essential Mist™ Refill (Available at Walmart)","2018-02-24T00:01:00-0800","2018-05-17T23:59:00-0700","https://www.coupons.com/coupons/?pid=19251&nid=10&zid=vz89"
"Save $1.00","Beyond®","on ANY five (5) cans of Purina® Beyond® wet cat food","2018-03-04T00:01:00-0800","2018-05-03T23:59:00-0700","https://www.coupons.com/coupons/?pid=19251&nid=10&zid=vz89"
"GET $2.00 OFF","HUGGIES®","any ONE (1) package of HUGGIES® LITTLE SWIMMERS® Disposable Swimpants (10 ct. or larger)","2018-03-01T00:01:00-0800","2018-04-14T23:59:00-0700","https://www.coupons.com/coupons/?pid=19251&nid=10&zid=vz89"
"SAVE $2.00","KIWI®","off any ONE (1) KIWI® Protectors Product","2018-03-04T00:01:00-0800","2018-05-06T23:59:00-0700","https://www.coupons.com/coupons/?pid=19251&nid=10&zid=vz89"
"$0.75 OFF","RESOLVE®","any ONE (1) RESOLVE® PET Carpet Stain Remover or PET High Traffic Foam","2018-02-28T00:01:00-0800","2018-04-16T23:59:00-0700","https://www.coupons.com/coupons/?pid=19251&nid=10&zid=vz89"
"Save $0.50","KOTEX® FITNESS","on any ONE (1) package of U by KOTEX® FITNESS* Products (not valid on Liners 14-22 ct. or trial size/travel packs)","2018-02-25T00:01:00-0800","2018-04-14T23:59:00-0700","https://www.coupons.com/coupons/?pid=19251&nid=10&zid=vz89"
"Save $1.00","Gerber®","on any FOUR (4) Gerber® Meals","2018-03-01T00:01:00-0800","2018-03-31T23:59:00-0700","https://www.coupons.com/coupons/?pid=19251&nid=10&zid=vz89"
"SAVE $1.00","KIWI®","on any TWO (2) KIWI® Products (excludes KIWI® laces)","2018-03-04T00:01:00-0800","2018-04-15T23:59:00-0700","https://www.coupons.com/coupons/?pid=19251&nid=10&zid=vz89"
"SAVE $1.00","Adult MOTRIN®","on ONE(1) Adult MOTRIN® product (excludes trial and travel sizes)","2018-02-25T00:01:00-0800","2018-04-30T23:59:00-0700","https://www.coupons.com/coupons/?pid=19251&nid=10&zid=vz89"
"$0.50 OFF","RESOLVE®","any ONE (1) RESOLVE® Carpet Stain Remover or High Traffic Foam","2018-02-26T00:01:00-0800","2018-04-16T23:59:00-0700","https://www.coupons.com/coupons/?pid=19251&nid=10&zid=vz89"
"SAVE $2.00","KIWI®","off any ONE (1) KIWI® Cleaners Product","2018-03-04T00:01:00-0800","2018-05-06T23:59:00-0700","https://www.coupons.com/coupons/?pid=19251&nid=10&zid=vz89"
"SAVE $3.00","Nasacort® Allergy 24HR","on ONE (1) Nasacort® Allergy 24HR 60 Spray","2018-03-04T00:01:00-0800","2018-04-07T23:59:00-0700","https://www.coupons.com/coupons/?pid=19251&nid=10&zid=vz89"
"$4.00 OFF","Theravent","on any one (1) Theravent 20 count size","2017-12-08T00:01:00-0800","2018-03-31T23:59:00-0700","https://www.coupons.com/coupons/?pid=19251&nid=10&zid=vz89"
"SAVE $1.75","Breathe Right®","on any ONE (1) Breathe Right® Nasal Strips Product 26 count or larger","2018-03-04T00:01:00-0800","2018-04-30T23:59:00-0700","https://www.coupons.com/coupons/?pid=19251&nid=10&zid=vz89"
"$1.50 Off","Boudreaux's Butt Paste®","Any One (1) Boudreaux's Butt Paste® 4oz tube","2018-03-01T00:01:00-0800","2018-04-30T23:59:00-0700","https://www.coupons.com/coupons/?pid=19251&nid=10&zid=vz89"
"Save $1.00","Bull Dog® Product","on any ONE (1) Bull Dog® Product","2018-03-01T00:01:00-0800","2018-07-18T23:59:00-0700","https://www.coupons.com/coupons/?pid=19251&nid=10&zid=vz89"
"SAVE $1.00 ON ONE","Cascadian Farm™","when you buy ONE POUCH any flavor/variety Cascadian Farm™ Organic Pouch Granola","2018-03-01T00:01:00-0800","2018-04-30T23:59:00-0700","https://www.coupons.com/coupons/?pid=19251&nid=10&zid=vz89"
"Save $2.00","Mucinex","off any ONE (1) Mucinex® Product (14ct or Higher)","2018-01-01T00:01:00-0800","2018-04-30T23:59:00-0700","https://www.coupons.com/coupons/?pid=19251&nid=10&zid=vz89"
"Save $1.00","Gerber®","on any FOUR (4) Gerber® Snacks","2018-02-01T00:01:00-0800","2018-03-31T23:59:00-0700","https://www.coupons.com/coupons/?pid=19251&nid=10&zid=vz89"
"$1.00 OFF","L'Oreal Paris","on ANY ONE (1) L'Oreal Paris Colorista hair color product","2018-03-04T00:01:00-0800","2018-05-04T23:59:00-0700","https://www.coupons.com/coupons/?pid=19251&nid=10&zid=vz89"
"Save $3.00","FLONASE®","on any FLONASE® or FLONASE® Sensimist™ Spray 60 ct or larger","2018-02-11T00:01:00-0800","2018-07-31T23:59:00-0700","https://www.coupons.com/coupons/?pid=19251&nid=10&zid=vz89"
"SAVE $3.00","MUSCLE MILK® Brand","on any ONE (1) MUSCLE MILK® Protein Powder (1.65lb or larger)","2018-01-04T00:01:00-0800","2018-04-30T23:59:00-0700","https://www.coupons.com/coupons/?pid=19251&nid=10&zid=vz89"
"Save $5.00","FLONASE®","on any FLONASE® or FLONASE® Sensimist™ Spray 120 ct or larger","2018-02-11T00:01:00-0800","2018-07-31T23:59:00-0700","https://www.coupons.com/coupons/?pid=19251&nid=10&zid=vz89"
"$1.00 OFF","METAMUCIL®","ONE Metamucil® Fiber Supplement Product (excludes trial/travel size)","2018-03-04T00:01:00-0800","2018-04-30T23:59:00-0700","https://www.coupons.com/coupons/?pid=19251&nid=10&zid=vz89"
"$1.00 OFF","PRILOSEC OTC®","ONE Prilosec OTC® Product (excludes trial/travel size)","2018-03-04T00:01:00-0800","2018-04-30T23:59:00-0700","https://www.coupons.com/coupons/?pid=19251&nid=10&zid=vz89"
"$4.00 OFF","Phillips®","on any ONE (1) Phillips® Colon Health 30ct or Higher","2018-03-04T00:01:00-0800","2018-04-30T23:59:00-0700","https://www.coupons.com/coupons/?pid=19251&nid=10&zid=vz89"
"SAVE $2.00","Lotrimin Ultra®","on any ONE (1) Lotrimin Ultra® product","2018-01-31T00:01:00-0800","2018-04-14T23:59:00-0700","https://www.coupons.com/coupons/?pid=19251&nid=10&zid=vz89"
"$2.00 OFF","Differin","on ONE (1) Differin Gel (15g or 45g)","2018-03-04T00:01:00-0800","2018-03-31T23:59:00-0700","https://www.coupons.com/coupons/?pid=19251&nid=10&zid=vz89"
"$2.50 Off","Boudreaux's Butt Paste®","Any One (1) Boudreaux's Butt Paste® 14oz Max Jar","2018-03-01T00:01:00-0800","2018-04-30T23:59:00-0700","https://www.coupons.com/coupons/?pid=19251&nid=10&zid=vz89"
"SAVE $3.00","STOPAIN®","on any ONE (1) Stopain® Product","2018-02-15T00:01:00-0800","2018-05-15T23:59:00-0700","https://www.coupons.com/coupons/?pid=19251&nid=10&zid=vz89"
"Save $6.00","Florastor","on ONE Florastor 50 cap, FlorastorPre or FlorastorPlus","2018-01-15T00:01:00-0800","2019-01-14T23:59:00-0800","https://www.coupons.com/coupons/?pid=19251&nid=10&zid=vz89"
"$1.00 OFF","METAMUCIL®","ONE Metamucil® Appetite Control Fiber Supplement Product (excludes trial/travel size)","2018-03-04T00:01:00-0800","2018-04-30T23:59:00-0700","https://www.coupons.com/coupons/?pid=19251&nid=10&zid=vz89"
"$2.00 Off","Delsym®","on ONE (1) Delsym any size","2018-01-01T00:01:00-0800","2018-03-31T23:59:00-0700","https://www.coupons.com/coupons/?pid=19251&nid=10&zid=vz89"
"Save $3.00","Estroven®","on any ONE (1) Estroven® product","2017-12-30T00:01:00-0800","2018-05-31T23:59:00-0700","https://www.coupons.com/coupons/?pid=19251&nid=10&zid=vz89"
"Save $4.00","Florastor","on ONE Florastor product","2018-01-15T00:01:00-0800","2019-01-14T23:59:00-0800","https://www.coupons.com/coupons/?pid=19251&nid=10&zid=vz89"
"$5.00 OFF","BPI Sports","on ONE (1) bottle of BPI Sports Best Aminos™ Muscle Recovery or 1MR VORTEX™ Pre-Workout Supplement","2018-03-01T00:01:00-0800","2018-04-07T23:59:00-0700","https://www.coupons.com/coupons/?pid=19251&nid=10&zid=vz89"
"$15 OFF","FoodSaver®","on any ONE (1) FoodSaver® FM2000 Vacuum Sealing System","2018-03-01T00:01:00-0800","2018-05-15T23:59:00-0700","https://www.coupons.com/coupons/?pid=19251&nid=10&zid=vz89"
